codigo,service,email,password,username,web,fecha
16,gmail,paco@gmail.com,elchhhh,pikachuseee,www.gmail,none
13,gmail,paco@gmail.com,elchhhh,pikachuseee,www.gmail,none
18,gmail,paco@gmail.com,elchhhh,pikachuseee,www.gmail,none
162,gmail,paco@gmail.com,elchhhh,pikachuseee,www.gmail,none
164,gmail,paco@gmail.com,elchhhh,pikachuseee,www.gmail,none
165,gmail,paco@gmail.com,elchhhh,pikachuseee,www.gmail,none
162,gmail,paco@gmail.com,elchhhh,pikachuseee,www.gmail,none
161,gmail,paco@gmail.com,elchhhh,pikachuseee,www.gmail,none
134,gmail,paco@gmail.com,elchhhh,pikachuseee,www.gmail,none
